{"lr": 0.00011623246492985972, "data_time": 0.011492729187011719, "grad_norm": 19.716449737548828, "loss": 4.313759231567383, "loss_cls": 1.0955714583396912, "loss_bbox": 3.0768269538879394, "loss_dir": 0.1413608357310295, "time": 0.6969457149505616, "epoch": 1, "iter": 10, "memory": 4430, "step": 10}
{"lr": 0.00013426853707414823, "data_time": 0.00691072940826416, "grad_norm": 22.207022380828857, "loss": 4.007607316970825, "loss_cls": 1.0681350171566009, "loss_bbox": 2.8004323959350588, "loss_dir": 0.13903990611433983, "time": 0.6667477130889893, "epoch": 1, "iter": 20, "memory": 4456, "step": 20}
{"lr": 0.0001523046092184368, "data_time": 0.005408676465352377, "grad_norm": 20.36495049794515, "loss": 3.7402062972386676, "loss_cls": 1.0375999887784322, "loss_bbox": 2.5630868832270304, "loss_dir": 0.13951943665742875, "time": 0.6558808326721192, "epoch": 1, "iter": 30, "memory": 4419, "step": 30}
{"lr": 0.00017034068136272535, "data_time": 0.004628866910934448, "grad_norm": 19.51470239162445, "loss": 3.4711771428585054, "loss_cls": 1.0116008028388024, "loss_bbox": 2.31996565759182, "loss_dir": 0.13961069658398628, "time": 0.6503035306930542, "epoch": 1, "iter": 40, "memory": 4426, "step": 40}
{"lr": 0.00018837675350701392, "data_time": 0.004169569015502929, "grad_norm": 18.863081550598146, "loss": 3.2380018973350526, "loss_cls": 0.9842043209075928, "loss_bbox": 2.1148331820964814, "loss_dir": 0.13896440207958222, "time": 0.6479314708709717, "epoch": 1, "iter": 50, "memory": 4456, "step": 50}
{"lr": 0.0002064128256513025, "data_time": 0.0023349618911743166, "grad_norm": 18.459632720947265, "loss": 2.7673493123054502, "loss_cls": 0.9308258581161499, "loss_bbox": 1.6978300881385804, "loss_dir": 0.1386933696269989, "time": 0.6359675884246826, "epoch": 1, "iter": 60, "memory": 4456, "step": 60}
{"lr": 0.00022444889779559105, "data_time": 0.002343630790710449, "grad_norm": 16.948630657196045, "loss": 2.493947858810425, "loss_cls": 0.889623030424118, "loss_bbox": 1.4657635962963105, "loss_dir": 0.1385612305998802, "time": 0.6361986446380615, "epoch": 1, "iter": 70, "memory": 4439, "step": 70}
{"lr": 0.0002424849699398796, "data_time": 0.002327313423156738, "grad_norm": 16.359539709091187, "loss": 2.2602334880828856, "loss_cls": 0.8574055898189544, "loss_bbox": 1.2655078434944154, "loss_dir": 0.13732005193829536, "time": 0.6359811067581177, "epoch": 1, "iter": 80, "memory": 4456, "step": 80}
{"lr": 0.0002605210420841682, "data_time": 0.0023539400100708006, "grad_norm": 15.639257860183715, "loss": 2.1488476610183715, "loss_cls": 0.8416539740562439, "loss_bbox": 1.1699556732177734, "loss_dir": 0.13723800376057624, "time": 0.6372834968566895, "epoch": 1, "iter": 90, "memory": 4456, "step": 90}
{"lr": 0.0002785571142284568, "data_time": 0.002342190742492676, "grad_norm": 14.747571859359741, "loss": 2.084418098926544, "loss_cls": 0.8259533786773682, "loss_bbox": 1.1212804126739502, "loss_dir": 0.13718430668115617, "time": 0.6375819063186645, "epoch": 1, "iter": 100, "memory": 4456, "step": 100}
{"lr": 0.00029659318637274536, "data_time": 0.0023426103591918947, "grad_norm": 13.908746042251586, "loss": 2.1061008763313294, "loss_cls": 0.8295151674747467, "loss_bbox": 1.140111654996872, "loss_dir": 0.1364740563929081, "time": 0.6381681346893311, "epoch": 1, "iter": 110, "memory": 4456, "step": 110}
{"lr": 0.00031462925851703414, "data_time": 0.0023618698120117187, "grad_norm": 12.843145999908447, "loss": 2.053830850124359, "loss_cls": 0.8326160836219788, "loss_bbox": 1.0848043823242188, "loss_dir": 0.13641039356589318, "time": 0.6383194780349731, "epoch": 1, "iter": 120, "memory": 4456, "step": 120}
{"lr": 0.0003326653306613227, "data_time": 0.0024294281005859376, "grad_norm": 12.60143624305725, "loss": 2.0140105056762696, "loss_cls": 0.826181390285492, "loss_bbox": 1.0500684201717376, "loss_dir": 0.1377606937289238, "time": 0.6400519180297851, "epoch": 1, "iter": 130, "memory": 4441, "step": 130}
{"lr": 0.0003507014028056113, "data_time": 0.002466917037963867, "grad_norm": 12.342491073608398, "loss": 1.948903465270996, "loss_cls": 0.8201181566715241, "loss_bbox": 0.9911905121803284, "loss_dir": 0.13759479358792304, "time": 0.6397876644134521, "epoch": 1, "iter": 140, "memory": 4456, "step": 140}
{"lr": 0.00036873747494989983, "data_time": 0.0024907779693603515, "grad_norm": 12.124478645324707, "loss": 1.9608107542991637, "loss_cls": 0.8302462422847747, "loss_bbox": 0.993538875579834, "loss_dir": 0.1370256370306015, "time": 0.6399808502197266, "epoch": 1, "iter": 150, "memory": 4447, "step": 150}
{"lr": 0.00038677354709418834, "data_time": 0.002494077682495117, "grad_norm": 11.942006149291991, "loss": 1.8901092314720154, "loss_cls": 0.8236581802368164, "loss_bbox": 0.9296027040481567, "loss_dir": 0.1368483404815197, "time": 0.6396596384048462, "epoch": 1, "iter": 160, "memory": 4456, "step": 160}
{"lr": 0.000404809619238477, "data_time": 0.0024555635452270506, "grad_norm": 11.555380878448487, "loss": 1.8483041501045228, "loss_cls": 0.8082701480388641, "loss_bbox": 0.9028951358795166, "loss_dir": 0.13713885739445686, "time": 0.6393442869186401, "epoch": 1, "iter": 170, "memory": 4432, "step": 170}
{"lr": 0.0004228456913827655, "data_time": 0.0023721170425415037, "grad_norm": 11.492560482025146, "loss": 1.8740561866760255, "loss_cls": 0.8128186678886413, "loss_bbox": 0.9250847613811493, "loss_dir": 0.13615275412797928, "time": 0.6387278509140014, "epoch": 1, "iter": 180, "memory": 4456, "step": 180}
{"lr": 0.00044088176352705415, "data_time": 0.0023043203353881837, "grad_norm": 11.151073541641235, "loss": 1.8500780415534974, "loss_cls": 0.7995517635345459, "loss_bbox": 0.9152213883399963, "loss_dir": 0.13530489355325698, "time": 0.6394203233718873, "epoch": 1, "iter": 190, "memory": 4456, "step": 190}
{"lr": 0.00045891783567134276, "data_time": 0.0023090267181396485, "grad_norm": 10.936737184524537, "loss": 1.7857926535606383, "loss_cls": 0.7818924629688263, "loss_bbox": 0.8675547969341278, "loss_dir": 0.13634538948535918, "time": 0.6391463851928711, "epoch": 1, "iter": 200, "memory": 4433, "step": 200}
{"lr": 0.00047695390781563144, "data_time": 0.002341876029968262, "grad_norm": 10.650134515762328, "loss": 1.7714658784866333, "loss_cls": 0.7626191914081574, "loss_bbox": 0.8719046658277512, "loss_dir": 0.13694202929735183, "time": 0.638939619064331, "epoch": 1, "iter": 210, "memory": 4419, "step": 210}
{"lr": 0.00049498997995992, "data_time": 0.0023638534545898436, "grad_norm": 11.440651903152466, "loss": 1.8131965732574462, "loss_cls": 0.7715905976295471, "loss_bbox": 0.904345036149025, "loss_dir": 0.13726094976067543, "time": 0.6392797803878785, "epoch": 1, "iter": 220, "memory": 4456, "step": 220}
{"lr": 0.0005130260521042087, "data_time": 0.002378535270690918, "grad_norm": 11.18744080543518, "loss": 1.8043096089363098, "loss_cls": 0.7642897605895996, "loss_bbox": 0.9030482536554336, "loss_dir": 0.1369716076552868, "time": 0.6398990964889526, "epoch": 1, "iter": 230, "memory": 4456, "step": 230}
{"lr": 0.000531062124248497, "data_time": 0.0023798561096191407, "grad_norm": 11.01284899711609, "loss": 1.8140417551994323, "loss_cls": 0.7668107688426972, "loss_bbox": 0.9108280473947525, "loss_dir": 0.1364029450714588, "time": 0.6393398094177246, "epoch": 1, "iter": 240, "memory": 4456, "step": 240}
{"lr": 0.0005490981963927854, "data_time": 0.0023607826232910157, "grad_norm": 11.642200193405152, "loss": 1.8860886955261231, "loss_cls": 0.7924660181999207, "loss_bbox": 0.9582722204923629, "loss_dir": 0.13535046353936195, "time": 0.6385979652404785, "epoch": 1, "iter": 250, "memory": 4445, "step": 250}
{"lr": 0.0005671342685370742, "data_time": 0.0023802900314331054, "grad_norm": 11.791673040390014, "loss": 1.9611712741851806, "loss_cls": 0.814993839263916, "loss_bbox": 1.010177983045578, "loss_dir": 0.1359994488954544, "time": 0.6390241003036499, "epoch": 1, "iter": 260, "memory": 4456, "step": 260}
{"lr": 0.0005851703406813628, "data_time": 0.0023920297622680663,