{"lr": 0.00011623246492985972, "data_time": 0.01692032814025879, "grad_norm": 19.527061557769777, "loss": 4.167603063583374, "loss_cls": 1.1148167729377747, "loss_bbox": 2.9115139484405517, "loss_dir": 0.14127237349748611, "time": 0.7017136096954346, "epoch": 1, "iter": 10, "memory": 4456, "step": 10}
{"lr": 0.00013426853707414823, "data_time": 0.009827244281768798, "grad_norm": 17.86600818634033, "loss": 3.958054220676422, "loss_cls": 1.0935767710208892, "loss_bbox": 2.7242865204811095, "loss_dir": 0.14019093587994574, "time": 0.6699568271636963, "epoch": 1, "iter": 20, "memory": 4435, "step": 20}
{"lr": 0.0001523046092184368, "data_time": 0.007624101638793945, "grad_norm": 18.336198329925537, "loss": 3.7192175149917603, "loss_cls": 1.0691846946875254, "loss_bbox": 2.5109947244326274, "loss_dir": 0.13903809636831282, "time": 0.6578896760940551, "epoch": 1, "iter": 30, "memory": 4456, "step": 30}
{"lr": 0.00017034068136272535, "data_time": 0.006418102979660034, "grad_norm": 17.530014061927794, "loss": 3.5002767205238343, "loss_cls": 1.043655364215374, "loss_bbox": 2.317520943284035, "loss_dir": 0.13910041563212872, "time": 0.6528769433498383, "epoch": 1, "iter": 40, "memory": 4447, "step": 40}
{"lr": 0.00018837675350701392, "data_time": 0.005752911567687988, "grad_norm": 17.39426036834717, "loss": 3.3338544082641604, "loss_cls": 1.017903059720993, "loss_bbox": 2.176596238613129, "loss_dir": 0.13935510337352752, "time": 0.6489641237258911, "epoch": 1, "iter": 50, "memory": 4456, "step": 50}
{"lr": 0.0002064128256513025, "data_time": 0.0029253005981445313, "grad_norm": 17.29326240539551, "loss": 2.9732933902740477, "loss_cls": 0.9723686850070954, "loss_bbox": 1.8624604737758637, "loss_dir": 0.1384642219543457, "time": 0.6360016679763794, "epoch": 1, "iter": 60, "memory": 4456, "step": 60}
{"lr": 0.00022444889779559105, "data_time": 0.002928485870361328, "grad_norm": 17.166386375427248, "loss": 2.6438329124450686, "loss_cls": 0.9162161684036255, "loss_bbox": 1.589221349954605, "loss_dir": 0.13839539140462875, "time": 0.6358776617050171, "epoch": 1, "iter": 70, "memory": 4456, "step": 70}
{"lr": 0.0002424849699398796, "data_time": 0.0028270673751831055, "grad_norm": 16.623428230285644, "loss": 2.4070421719551085, "loss_cls": 0.8798623311519623, "loss_bbox": 1.387939474582672, "loss_dir": 0.13924036487936975, "time": 0.6369518375396729, "epoch": 1, "iter": 80, "memory": 4456, "step": 80}
{"lr": 0.0002605210420841682, "data_time": 0.0028282976150512695, "grad_norm": 16.559745922088624, "loss": 2.290907771587372, "loss_cls": 0.858500428199768, "loss_bbox": 1.2943456387519836, "loss_dir": 0.1380616943538189, "time": 0.6374412107467652, "epoch": 1, "iter": 90, "memory": 4456, "step": 90}
