{"lr": 0.00011623246492985972, "data_time": 0.012533855438232423, "grad_norm": 20.418906211853027, "loss": 4.371206259727478, "loss_cls": 1.1123370885849, "loss_bbox": 3.1174432277679442, "loss_dir": 0.14142595678567887, "time": 0.7266482353210449, "epoch": 1, "iter": 10, "memory": 4430, "step": 10}
{"lr": 0.00013426853707414823, "data_time": 0.00742267370223999, "grad_norm": 20.555780553817748, "loss": 4.089160132408142, "loss_cls": 1.0840215384960175, "loss_bbox": 2.860632836818695, "loss_dir": 0.1445057213306427, "time": 0.6809233069419861, "epoch": 1, "iter": 20, "memory": 4449, "step": 20}
{"lr": 0.0001523046092184368, "data_time": 0.00576787789662679, "grad_norm": 19.72952308654785, "loss": 3.8238446871439615, "loss_cls": 1.0627460122108459, "loss_bbox": 2.617671243349711, "loss_dir": 0.14342741519212723, "time": 0.6672272046407064, "epoch": 1, "iter": 30, "memory": 4431, "step": 30}
{"lr": 0.00017034068136272535, "data_time": 0.004979932308197021, "grad_norm": 20.200456500053406, "loss": 3.5467734932899475, "loss_cls": 1.03874531686306, "loss_bbox": 2.3661029279232024, "loss_dir": 0.14192522354424, "time": 0.6597405791282653, "epoch": 1, "iter": 40, "memory": 4456, "step": 40}
{"lr": 0.00018837675350701392, "data_time": 0.0044690465927124026, "grad_norm": 20.16074409484863, "loss": 3.3107395648956297, "loss_cls": 1.0132894599437714, "loss_bbox": 2.155736339092255, "loss_dir": 0.1417137426137924, "time": 0.6558957242965698, "epoch": 1, "iter": 50, "memory": 4456, "step": 50}
{"lr": 0.0002064128256513025, "data_time": 0.0024389076232910157, "grad_norm": 20.770186824798586, "loss": 2.8842160367965697, "loss_cls": 0.9631044220924377, "loss_bbox": 1.7802231240272521, "loss_dir": 0.1408884546160698, "time": 0.638535270690918, "epoch": 1, "iter": 60, "memory": 4456, "step": 60}
{"lr": 0.00022444889779559105, "data_time": 0.002509942054748535, "grad_norm": 20.0480615234375, "loss": 2.5454171800613405, "loss_cls": 0.9205382347106934, "loss_bbox": 1.4853438711166382, "loss_dir": 0.13953505784273149, "time": 0.6387547492980957, "epoch": 1, "iter": 70, "memory": 4456, "step": 70}
{"lr": 0.0002424849699398796, "data_time": 0.002468423843383789, "grad_norm": 20.44787401199341, "loss": 2.3216119527816774, "loss_cls": 0.8843414556980133, "loss_bbox": 1.2991621780395508, "loss_dir": 0.13810829907655717, "time": 0.6388344717025757, "epoch": 1, "iter": 80, "memory": 4456, "step": 80}
{"lr": 0.0002605210420841682, "data_time": 0.0024264717102050783, "grad_norm": 19.447258281707764, "loss": 2.2218966126441955, "loss_cls": 0.8571506309509277, "loss_bbox": 1.2259862196445466, "loss_dir": 0.1387597618997097, "time": 0.6388771533966064, "epoch": 1, "iter": 90, "memory": 4450, "step": 90}
{"lr": 0.0002785571142284568, "data_time": 0.002396068572998047, "grad_norm": 18.505644664764404, "loss": 2.1649245119094847, "loss_cls": 0.8436940956115723, "loss_bbox": 1.1832694697380066, "loss_dir": 0.13796094298362732, "time": 0.638741979598999, "epoch": 1, "iter": 100, "memory": 4456, "step": 100}
{"lr": 0.00029659318637274536, "data_time": 0.002390913963317871, "grad_norm": 16.614921922683717, "loss": 2.165531108379364, "loss_cls": 0.8484076929092407, "loss_bbox": 1.1787130749225616, "loss_dir": 0.1384103426337242, "time": 0.6385555362701416, "epoch": 1, "iter": 110, "memory": 4456, "step": 110}
{"lr": 0.00031462925851703414, "data_time": 0.002339749336242676, "grad_norm": 15.271531209945678, "loss": 2.108299207687378, "loss_cls": 0.8436049437522888, "loss_bbox": 1.1272192120552063, "loss_dir": 0.13747504889965056, "time": 0.6390168046951294, "epoch": 1, "iter": 120, "memory": 4452, "step": 120}
{"lr": 0.0003326653306613227, "data_time": 0.002386336326599121, "grad_norm": 13.677765741348267, "loss": 2.05963570356369, "loss_cls": 0.8469815516471862, "loss_bbox": 1.0740823882818222, "loss_dir": 0.13857176452875136, "time": 0.6389480209350586, "epoch": 1, "iter": 130, "memory": 4456, "step": 130}
{"lr": 0.0003507014028056113, "data_time": 0.002357058525085449, "grad_norm": 12.623988561630249, "loss": 1.9768739581108092, "loss_cls": 0.8488163697719574, "loss_bbox": 0.9893366199731827, "loss_dir": 0.13872095599770545, "time": 0.6393485307693482, "epoch": 1, "iter": 140, "memory": 4453, "step": 140}
{"lr": 0.00036873747494989983, "data_time": 0.0023770523071289062, "grad_norm": 11.962255201339723, "loss": 1.9624139404296874, "loss_cls": 0.8417914545536042, "loss_bbox": 0.9810314637422561, "loss_dir": 0.1395910105109215, "time": 0.6393635320663452, "epoch": 1, "iter": 150, "memory": 4456, "step": 150}
{"lr": 0.00038677354709418834, "data_time": 0.0023623609542846678, "grad_norm": 11.392768535614014, "loss": 1.8704883408546449, "loss_cls": 0.8211122584342957, "loss_bbox": 0.9111566942930222, "loss_dir": 0.13821937516331673, "time": 0.640006251335144, "epoch": 1, "iter": 160, "memory": 4453, "step": 160}
{"lr": 0.000404809619238477, "data_time": 0.002348494529724121, "grad_norm": 11.748760786056518, "loss": 1.9534972882270814, "loss_cls": 0.8286792159080505, "loss_bbox": 0.9866820949316025, "loss_dir": 0.1381359688937664, "time": 0.640779595375061, "epoch": 1, "iter": 170, "memory": 4456, "step": 170}
