{"lr": 0.00011623246492985972, "data_time": 0.01263127326965332, "grad_norm": 20.457404613494873, "loss": 4.14332902431488, "loss_cls": 1.0834403157234191, "loss_bbox": 2.919715905189514, "loss_dir": 0.14017288535833358, "time": 0.7029426336288452, "epoch": 1, "iter": 10, "memory": 4438, "step": 10}
{"lr": 0.00013426853707414823, "data_time": 0.007483541965484619, "grad_norm": 19.300473976135255, "loss": 3.8525508999824525, "loss_cls": 1.068627768754959, "loss_bbox": 2.644657164812088, "loss_dir": 0.1392660431563854, "time": 0.6708224177360534, "epoch": 1, "iter": 20, "memory": 4445, "step": 20}
{"lr": 0.0001523046092184368, "data_time": 0.005783836046854655, "grad_norm": 19.35139045715332, "loss": 3.6647478501001993, "loss_cls": 1.0499121089776358, "loss_bbox": 2.4755019545555115, "loss_dir": 0.13933385387063027, "time": 0.6606724898020426, "epoch": 1, "iter": 30, "memory": 4456, "step": 30}
{"lr": 0.00017034068136272535, "data_time": 0.004988580942153931, "grad_norm": 18.896145343780518, "loss": 3.4611235082149507, "loss_cls": 1.0244552612304687, "loss_bbox": 2.298092210292816, "loss_dir": 0.138576072268188, "time": 0.6551168024539947, "epoch": 1, "iter": 40, "memory": 4456, "step": 40}
{"lr": 0.00018837675350701392, "data_time": 0.004491515159606933, "grad_norm": 18.736505451202394, "loss": 3.252050654888153, "loss_cls": 0.994447467327118, "loss_bbox": 2.119101619720459, "loss_dir": 0.1385015945136547, "time": 0.6515428924560547, "epoch": 1, "iter": 50, "memory": 4456, "step": 50}
{"lr": 0.0002064128256513025, "data_time": 0.0024353647232055664, "grad_norm": 17.675484466552735, "loss": 2.856693172454834, "loss_cls": 0.9418080353736877, "loss_bbox": 1.7765209186077118, "loss_dir": 0.1383642338216305, "time": 0.6394668436050415, "epoch": 1, "iter": 60, "memory": 4456, "step": 60}
{"lr": 0.00022444889779559105, "data_time": 0.002439470291137695, "grad_norm": 17.616558322906496, "loss": 2.5988381838798524, "loss_cls": 0.9021309924125671, "loss_bbox": 1.5594573426246643, "loss_dir": 0.1372498619556427, "time": 0.6391408395767212, "epoch": 1, "iter": 70, "memory": 4454, "step": 70}
{"lr": 0.0002424849699398796, "data_time": 0.0024782562255859374, "grad_norm": 16.397083282470703, "loss": 2.3564791440963746, "loss_cls": 0.862398945093155, "loss_bbox": 1.356781712770462, "loss_dir": 0.1372985015809536, "time": 0.6396416902542115, "epoch": 1, "iter": 80, "memory": 4456, "step": 80}
{"lr": 0.0002605210420841682, "data_time": 0.002469019889831543, "grad_norm": 16.158365325927733, "loss": 2.197525029182434, "loss_cls": 0.8357989180088043, "loss_bbox": 1.2239265644550323, "loss_dir": 0.13779956713318825, "time": 0.6401143169403076, "epoch": 1, "iter": 90, "memory": 4456, "step": 90}
{"lr": 0.0002785571142284568, "data_time": 0.0024420642852783204, "grad_norm": 15.517010841369629, "loss": 2.1055354976654055, "loss_cls": 0.8277559900283813, "loss_bbox": 1.1402703952789306, "loss_dir": 0.13750912994146347, "time": 0.6400001430511475, "epoch": 1, "iter": 100, "memory": 4439, "step": 100}
{"lr": 0.00029659318637274536, "data_time": 0.0024341726303100586, "grad_norm": 14.603546676635743, "loss": 2.0435485196113587, "loss_cls": 0.817265784740448, "loss_bbox": 1.0895731353759766, "loss_dir": 0.13670960828661918, "time": 0.6383223676681519, "epoch": 1, "iter": 110, "memory": 4448, "step": 110}
{"lr": 0.00031462925851703414, "data_time": 0.002424755096435547, "grad_norm": 13.470493192672729, "loss": 2.020617651939392, "loss_cls": 0.8112527155876159, "loss_bbox": 1.0717146611213684, "loss_dir": 0.13765027105808259, "time": 0.6386421060562134, "epoch": 1, "iter": 120, "memory": 4456, "step": 120}
{"lr": 0.0003326653306613227, "data_time": 0.0024993085861206056, "grad_norm": 12.86006549835205, "loss": 1.9605330276489257, "loss_cls": 0.8054039013385773, "loss_bbox": 1.0187330585718155, "loss_dir": 0.13639605820178985, "time": 0.6383341836929322, "epoch": 1, "iter": 130, "memory": 4443, "step": 130}
{"lr": 0.0003507014028056113, "data_time": 0.0024485015869140626, "grad_norm": 12.180726795196533, "loss": 1.9326922655105592, "loss_cls": 0.8089431846141815, "loss_bbox": 0.9872435456514359, "loss_dir": 0.13650553971529006, "time": 0.6376766681671142, "epoch": 1, "iter": 140, "memory": 4432, "step": 140}
{"lr": 0.00036873747494989983, "data_time": 0.0024555349349975586, "grad_norm": 11.571197309494018, "loss": 1.8984317469596863, "loss_cls": 0.7985959458351135, "loss_bbox": 0.9633548027276992, "loss_dir": 0.13648100942373276, "time": 0.6382722997665405, "epoch": 1, "iter": 150, "memory": 4439, "step": 150}
{"lr": 0.00038677354709418834, "data_time": 0.0024437904357910156, "grad_norm": 12.238695363998414, "loss": 1.8932163500785828, "loss_cls": 0.8105138611793518, "loss_bbox": 0.9466799753904342, "loss_dir": 0.13602252900600434, "time": 0.6390928554534913, "epoch": 1, "iter": 160, "memory": 4455, "step": 160}
{"lr": 0.000404809619238477, "data_time": 0.002442231178283691, "grad_norm": 12.0357794380188, "loss": 1.822307379245758, "loss_cls": 0.7964045596122742, "loss_bbox": 0.8884858506917953, "loss_dir": 0.1374169857800007, "time": 0.6389135074615478, "epoch": 1, "iter": 170, "memory": 4443, "step": 170}
{"lr": 0.0004228456913827655, "data_time": 0.0023015499114990234, "grad_norm": 12.376928205490112, "loss": 1.843098487854004, "loss_cls": 0.8023048985004425, "loss_bbox": 0.9034660589694977, "loss_dir": 0.13732754230499267, "time": 0.6383135509490967, "epoch": 1, "iter": 180, "memory": 4455, "step": 180}
{"lr": 0.00044088176352705415, "data_time": 0.002310070991516113, "grad_norm": 12.236862516403198, "loss": 1.829330666065216, "loss_cls": 0.8046247804164887, "loss_bbox": 0.8882748806476592, "loss_dir": 0.13643100440502168, "time": 0.6390322780609131, "epoch": 1, "iter": 190, "memory": 4456, "step": 190}
{"lr": 0.00045891783567134276, "data_time": 0.002341623306274414, "grad_norm": 12.085347805023194, "loss": 1.8530852556228639, "loss_cls": 0.8042987430095673, "loss_bbox": 0.9128859519958497, "loss_dir": 0.13590056464076042, "time": 0.63985182762146, "epoch": 1, "iter": 200, "memory": 4456, "step": 200}
{"lr": 0.00047695390781563144, "data_time": 0.002340083122253418, "grad_norm": 11.792180967330932, "loss": 1.8463755297660827, "loss_cls": 0.7932012557983399, "loss_bbox": 0.916105717420578, "loss_dir": 0.13706855416297914, "time": 0.6395856618881226, "epoch": 1, "iter": 210, "memory": 4453, "step": 210}
{"lr": 0.00049498997995992, "data_time": 0.002345547676086426, "grad_norm": 12.217372159957886, "loss": 1.8570241808891297, "loss_cls": 0.8085699486732483, "loss_bbox": 0.9138065111637116, "loss_dir": 0.13464770942926407, "time": 0.6399774551391602, "epoch": 1, "iter": 220, "memory": 4456, "step": 220}
{"lr": 0.0005130260521042087, "data_time": 0.0023491573333740234, "grad_norm": 11.837349014282227, "loss": 1.8505742955207825, "loss_cls": 0.8006289863586425, "loss_bbox": 0.9145275712013244, "loss_dir": 0.13541772842407226, "time": 0.6402817153930664, "epoch": 1, "iter": 230, "memory": 4456, "step": 230}
{"lr": 0.000531062124248497, "data_time": 0.002342629432678223, "grad_norm": 11.629378509521484, "loss": 1.8341525840759276, "loss_cls": 0.7774365186691284, "loss_bbox": 0.9203163754940032, "loss_dir": 0.13639968633651733, "time": 0.6404469871520996, "epoch": 1, "iter": 240, "memory": 4447, "step": 240}
{"lr": 0.0005490981963927854, "data_time": 0.0022991609573364256, "grad_norm": 11.7127903175354, "loss": 1.8370159268379211, "loss_cls": 0.7702674663066864, "loss_bbox": 0.930659294128418, "loss_dir": 0.13608915716409684, "time": 0.6403714990615845, "epoch": 1, "iter": 250, "memory": 4456, "step": 250}
{"lr": 0.0005671342685370742, "data_time": 0.0023038434982299806, "grad_norm": 11.782169141769408, "loss": 1.856279399394989, "loss_cls": 0.778201653957367, "loss_bbox": 0.9434015202522278, "loss_dir": 0.13467622354626654, "time": 0.6414626455307006, "epoch": 1, "iter": 260, "memory": 4456, "step": 260}
{"lr": 0.0005851703406813628, "data_time": 0.0022929239273071288,