{"lr": 0.00011623246492985972, "data_time": 0.015828895568847656, "grad_norm": 23.006441593170166, "loss": 4.23714816570282, "loss_cls": 1.1288946509361266, "loss_bbox": 2.9705724000930784, "loss_dir": 0.13768117129802704, "time": 0.7047573804855347, "epoch": 1, "iter": 10, "memory": 4450, "step": 10}
{"lr": 0.00013426853707414823, "data_time": 0.009463989734649658, "grad_norm": 21.74482626914978, "loss": 3.984171175956726, "loss_cls": 1.1054477035999297, "loss_bbox": 2.737178182601929, "loss_dir": 0.14154533594846724, "time": 0.6718742609024048, "epoch": 1, "iter": 20, "memory": 4456, "step": 20}
{"lr": 0.0001523046092184368, "data_time": 0.007243124643961588, "grad_norm": 22.729855092366538, "loss": 3.7412466208140054, "loss_cls": 1.0849428534507752, "loss_bbox": 2.515495189030965, "loss_dir": 0.1408086232841015, "time": 0.6595055421193441, "epoch": 1, "iter": 30, "memory": 4456, "step": 30}
{"lr": 0.00017034068136272535, "data_time": 0.006264841556549073, "grad_norm": 20.99415283203125, "loss": 3.537693363428116, "loss_cls": 1.0635841563344002, "loss_bbox": 2.333885022997856, "loss_dir": 0.14022422153502703, "time": 0.6556497991085053, "epoch": 1, "iter": 40, "memory": 4441, "step": 40}
{"lr": 0.00018837675350701392, "data_time": 0.005583481788635254, "grad_norm": 20.49079677581787, "loss": 3.3564582300186157, "loss_cls": 1.0377301228046418, "loss_bbox": 2.178938002586365, "loss_dir": 0.13979013934731482, "time": 0.6529406642913819, "epoch": 1, "iter": 50, "memory": 4456, "step": 50}
{"lr": 0.0002064128256513025, "data_time": 0.002969541549682617, "grad_norm": 19.088921909332274, "loss": 2.957973897457123, "loss_cls": 0.9839185154438019, "loss_bbox": 1.834267921447754, "loss_dir": 0.1397874779999256, "time": 0.6401059198379516, "epoch": 1, "iter": 60, "memory": 4446, "step": 60}
{"lr": 0.00022444889779559105, "data_time": 0.0028943729400634764, "grad_norm": 18.43850435256958, "loss": 2.6795689606666566, "loss_cls": 0.9399261772632599, "loss_bbox": 1.601047865152359, "loss_dir": 0.13859494104981424, "time": 0.6406428718566894, "epoch": 1, "iter": 70, "memory": 4455, "step": 70}
{"lr": 0.0002424849699398796, "data_time": 0.002885918617248535, "grad_norm": 18.195977058410644, "loss": 2.53278534412384, "loss_cls": 0.9221196246147155, "loss_bbox": 1.472370866537094, "loss_dir": 0.13829485684633255, "time": 0.641015396118164, "epoch": 1, "iter": 80, "memory": 4456, "step": 80}
{"lr": 0.0002605210420841682, "data_time": 0.0027778005599975587, "grad_norm": 18.318804607391357, "loss": 2.3894722700119018, "loss_cls": 0.9006236422061921, "loss_bbox": 1.3504694771766663, "loss_dir": 0.1383791497349739, "time": 0.6400298738479614, "epoch": 1, "iter": 90, "memory": 4431, "step": 90}
{"lr": 0.0002785571142284568, "data_time": 0.0027521133422851564, "grad_norm": 17.421738815307616, "loss": 2.2863054871559143, "loss_cls": 0.8838988816738129, "loss_bbox": 1.264440314769745, "loss_dir": 0.13796629786491393, "time": 0.6395487308502197, "epoch": 1, "iter": 100, "memory": 4456, "step": 100}
{"lr": 0.00029659318637274536, "data_time": 0.0027596378326416016, "grad_norm": 16.42808853149414, "loss": 2.263440237045288, "loss_cls": 0.8726038193702698, "loss_bbox": 1.2527491581439971, "loss_dir": 0.1380872732400894, "time": 0.6399334955215454, "epoch": 1, "iter": 110, "memory": 4456, "step": 110}
{"lr": 0.00031462925851703414, "data_time": 0.00277590274810791, "grad_norm": 15.397674026489257, "loss": 2.25239378452301, "loss_cls": 0.8761134266853332, "loss_bbox": 1.2388500702381133, "loss_dir": 0.13743029803037643, "time": 0.6393923282623291, "epoch": 1, "iter": 120, "memory": 4456, "step": 120}
{"lr": 0.0003326653306613227, "data_time": 0.002766551971435547, "grad_norm": 12.729559803009034, "loss": 2.1351785326004027, "loss_cls": 0.8412297642230988, "loss_bbox": 1.156287214756012, "loss_dir": 0.13766158059239386, "time": 0.6398823738098145, "epoch": 1, "iter": 130, "memory": 4449, "step": 130}
{"lr": 0.0003507014028056113, "data_time": 0.0028349590301513673, "grad_norm": 11.758195495605468, "loss": 2.080164256095886, "loss_cls": 0.8174077367782593, "loss_bbox": 1.1252200770378114, "loss_dir": 0.13753646716475487, "time": 0.6396797657012939, "epoch": 1, "iter": 140, "memory": 4456, "step": 140}
