{"lr": 0.00011623246492985972, "data_time": 0.011258721351623535, "grad_norm": 27.434782409667967, "loss": 4.237757658958435, "loss_cls": 1.1127666234970093, "loss_bbox": 2.9847455501556395, "loss_dir": 0.14024549275636672, "time": 0.6961727142333984, "epoch": 1, "iter": 10, "memory": 4421, "step": 10}
{"lr": 0.00013426853707414823, "data_time": 0.006949865818023681, "grad_norm": 24.857446479797364, "loss": 3.9268065690994263, "loss_cls": 1.090119767189026, "loss_bbox": 2.6969579219818116, "loss_dir": 0.1397288627922535, "time": 0.6662223100662231, "epoch": 1, "iter": 20, "memory": 4456, "step": 20}
{"lr": 0.0001523046092184368, "data_time": 0.005493521690368652, "grad_norm": 23.384751764933267, "loss": 3.6386937300364175, "loss_cls": 1.0688593566417695, "loss_bbox": 2.430085567633311, "loss_dir": 0.13974878787994385, "time": 0.6555189927419026, "epoch": 1, "iter": 30, "memory": 4451, "step": 30}
{"lr": 0.00017034068136272535, "data_time": 0.004722583293914795, "grad_norm": 22.32159044742584, "loss": 3.4322544515132902, "loss_cls": 1.0484401136636734, "loss_bbox": 2.244337099790573, "loss_dir": 0.13947723023593425, "time": 0.6511884272098541, "epoch": 1, "iter": 40, "memory": 4453, "step": 40}
{"lr": 0.00018837675350701392, "data_time": 0.004273185729980469, "grad_norm": 21.825441722869872, "loss": 3.215207257270813, "loss_cls": 1.0238702583312989, "loss_bbox": 2.051930887699127, "loss_dir": 0.13940611094236374, "time": 0.6486440753936767, "epoch": 1, "iter": 50, "memory": 4456, "step": 50}
{"lr": 0.0002064128256513025, "data_time": 0.0025021505355834962, "grad_norm": 19.91538112640381, "loss": 2.8190055298805237, "loss_cls": 0.9714844155311585, "loss_bbox": 1.7081716287136077, "loss_dir": 0.1393494886159897, "time": 0.6375873279571533, "epoch": 1, "iter": 60, "memory": 4456, "step": 60}
{"lr": 0.00022444889779559105, "data_time": 0.0024482059478759767, "grad_norm": 18.668190956115723, "loss": 2.4696775341033934, "loss_cls": 0.9219092702865601, "loss_bbox": 1.4087470889091491, "loss_dir": 0.1390211898088455, "time": 0.6378909015655517, "epoch": 1, "iter": 70, "memory": 4434, "step": 70}
{"lr": 0.0002424849699398796, "data_time": 0.002405228614807129, "grad_norm": 19.085172691345214, "loss": 2.28167325258255, "loss_cls": 0.8982380402088165, "loss_bbox": 1.2433436870574952, "loss_dir": 0.14009154170751573, "time": 0.6381723165512085, "epoch": 1, "iter": 80, "memory": 4456, "step": 80}
{"lr": 0.0002605210420841682, "data_time": 0.0023884296417236326, "grad_norm": 17.86481273651123, "loss": 2.1374749159812927, "loss_cls": 0.8575764322280883, "loss_bbox": 1.1404536390304565, "loss_dir": 0.13944485709071158, "time": 0.6386285924911499, "epoch": 1, "iter": 90, "memory": 4447, "step": 90}
{"lr": 0.0002785571142284568, "data_time": 0.002350344657897949, "grad_norm": 16.390159826278687, "loss": 2.0459938192367555, "loss_cls": 0.8287775361537933, "loss_bbox": 1.0771919584274292, "loss_dir": 0.1400243292748928, "time": 0.6382555198669434, "epoch": 1, "iter": 100, "memory": 4456, "step": 100}
{"lr": 0.00029659318637274536, "data_time": 0.002334384918212891, "grad_norm": 15.579922018051148, "loss": 2.0002222514152526, "loss_cls": 0.8207451188564301, "loss_bbox": 1.0393746089935303, "loss_dir": 0.14010252371430398, "time": 0.6381199550628662, "epoch": 1, "iter": 110, "memory": 4438, "step": 110}
{"lr": 0.00031462925851703414, "data_time": 0.002313551902770996, "grad_norm": 15.126933164596558, "loss": 2.0612472081184388, "loss_cls": 0.8297563338279724, "loss_bbox": 1.0906552290916443, "loss_dir": 0.1408356399834156, "time": 0.6385400772094727, "epoch": 1, "iter": 120, "memory": 4456, "step": 120}
{"lr": 0.0003326653306613227, "data_time": 0.0023183584213256835, "grad_norm": 13.30952446937561, "loss": 2.018839044570923, "loss_cls": 0.8051858079433442, "loss_bbox": 1.0741219651699065, "loss_dir": 0.1395312736928463, "time": 0.6381246137619019, "epoch": 1, "iter": 130, "memory": 4456, "step": 130}
{"lr": 0.0003507014028056113, "data_time": 0.0023167753219604493, "grad_norm": 12.48502875328064, "loss": 1.960392541885376, "loss_cls": 0.8042018330097198, "loss_bbox": 1.0163132119178773, "loss_dir": 0.1398774963617325, "time": 0.6382669258117676, "epoch": 1, "iter": 140, "memory": 4443, "step": 140}
{"lr": 0.00036873747494989983, "data_time": 0.0023270559310913084, "grad_norm": 12.118016557693482, "loss": 1.9758070659637452, "loss_cls": 0.80798907995224, "loss_bbox": 1.0304187273979186, "loss_dir": 0.13739925786852836, "time": 0.6390282392501831, "epoch": 1, "iter": 150, "memory": 4452, "step": 150}
{"lr": 0.00038677354709418834, "data_time": 0.0023246383666992187, "grad_norm": 11.533979606628417, "loss": 1.937994930744171, "loss_cls": 0.8113034343719483, "loss_bbox": 0.9897862136363983, "loss_dir": 0.13690527647733688, "time": 0.6389715957641602, "epoch": 1, "iter": 160, "memory": 4456, "step": 160}
{"lr": 0.000404809619238477, "data_time": 0.002329850196838379, "grad_norm": 10.776291379928589, "loss": 1.8394488978385926, "loss_cls": 0.7875946712493896, "loss_bbox": 0.9148979532718658, "loss_dir": 0.1369562703371048, "time": 0.6392233085632324, "epoch": 1, "iter": 170, "memory": 4444, "step": 170}
{"lr": 0.0004228456913827655, "data_time": 0.002305026054382324, "grad_norm": 10.209822254180908, "loss": 1.8556241226196288, "loss_cls": 0.7899305939674377, "loss_bbox": 0.9283988285064697, "loss_dir": 0.13729469507932662, "time": 0.6400556945800782, "epoch": 1, "iter": 180, "memory": 4435, "step": 180}
{"lr": 0.00044088176352705415, "data_time": 0.0023224592208862306, "grad_norm": 10.507461862564087, "loss": 1.8397313570976257, "loss_cls": 0.7873989820480347, "loss_bbox": 0.915481698513031, "loss_dir": 0.1368506745994091, "time": 0.6397554636001587, "epoch": 1, "iter": 190, "memory": 4436, "step": 190}
{"lr": 0.00045891783567134276, "data_time": 0.0023155498504638674, "grad_norm": 11.113784046173096, "loss": 1.8204734492301942, "loss_cls": 0.8002451741695404, "loss_bbox": 0.8826460242271423, "loss_dir": 0.1375822454690933, "time": 0.6395094680786133, "epoch": 1, "iter": 200, "memory": 4456, "step": 200}
{"lr": 0.00047695390781563144, "data_time": 0.002343125343322754, "grad_norm": 10.72370379447937, "loss": 1.7805255103111266, "loss_cls": 0.7887282812595368, "loss_bbox": 0.8541438192129135, "loss_dir": 0.1376534090936184, "time": 0.6388349342346191, "epoch": 1, "iter": 210, "memory": 4435, "step": 210}
{"lr": 0.00049498997995992, "data_time": 0.002341976165771484, "grad_norm": 11.113956546783447, "loss": 1.8329434466362, "loss_cls": 0.7984201979637146, "loss_bbox": 0.8986089533567428, "loss_dir": 0.13591429769992827, "time": 0.6393930053710938, "epoch": 1, "iter": 220, "memory": 4456, "step": 220}
{"lr": 0.0005130260521042087, "data_time": 0.0023389291763305665, "grad_norm": 11.439369668960572, "loss": 1.8474159622192383, "loss_cls": 0.8030268156528473, "loss_bbox": 0.9092811769247056, "loss_dir": 0.13510796502232553, "time": 0.6392400932312011, "epoch": 1, "iter": 230, "memory": 4456, "step": 230}
{"lr": 0.000531062124248497, "data_time": 0.0023175716400146485, "grad_norm": 11.731487007141114, "loss": 1.9362375235557556, "loss_cls": 0.8202817034721375, "loss_bbox": 0.9791710990667343, "loss_dir": 0.13678471520543098, "time": 0.6390272998809814, "epoch": 1, "iter": 240, "memory": 4444, "step": 240}
{"lr": 0.0005490981963927854, "data_time": 0.002355175018310547, "grad_norm": 10.919794359207152, "loss": 1.9277073550224304, "loss_cls": 0.8096207582950592, "loss_bbox": 0.9807913833856583, "loss_dir": 0.13729520812630652, "time": 0.6388419675827026, "epoch": 1, "iter": 250, "memory": 4435, "step": 250}
{"lr": 0.0005671342685370742, "data_time": 0.0023339557647705077, "grad_norm": 11.190701732635498, "loss": 1.959763126373291, "loss_cls": 0.8096921837329865, "loss_bbox": 1.0132624173164368, "loss_dir": 0.13680852264165877, "time": 0.638809061050415, "epoch": 1, "iter": 260, "memory": 4456, "step": 260}
{"lr": 0.0005851703406813628, "data_time": 0.002341938018798828,